name,email,created_at,is_admin,hashed_password
User1,user1@example.com,2023-01-01 10:00:00,False,hashed_password_1
User2,user2@example.com,2023-01-02 12:00:00,False,hashed_password_2
User3,user3@example.com,2023-01-03 14:00:00,False,hashed_password_3
User4,user4@example.com,2023-01-04 16:00:00,False,hashed_password_4
User5,user5@example.com,2023-01-05 18:00:00,False,hashed_password_5
User6,user6@example.com,2023-01-06 20:00:00,False,hashed_password_6
User7,user7@example.com,2023-01-07 22:00:00,False,hashed_password_7
User8,user8@example.com,2023-01-08 08:00:00,False,hashed_password_8
User9,user9@example.com,2023-01-09 10:00:00,False,hashed_password_9
User10,user10@example.com,2023-01-10 12:00:00,False,hashed_password_10
User11,user11@example.com,2023-01-11 14:00:00,False,hashed_password_11
User12,user12@example.com,2023-01-12 16:00:00,False,hashed_password_12
User13,user13@example.com,2023-01-13 18:00:00,False,hashed_password_13
User14,user14@example.com,2023-01-14 20:00:00,False,hashed_password_14
User15,user15@example.com,2023-01-15 22:00:00,False,hashed_password_15
User16,user16@example.com,2023-01-16 08:00:00,False,hashed_password_16
User17,user17@example.com,2023-01-17 10:00:00,False,hashed_password_17
User18,user18@example.com,2023-01-18 12:00:00,False,hashed_password_18
User19,user19@example.com,2023-01-19 14:00:00,False,hashed_password_19
User20,user20@example.com,2023-01-20 16:00:00,False,hashed_password_20
